Datetime,Water Level (m)
2025-12-02 18:00:00,0.63222545
2025-12-02 19:00:00,0.43905026
2025-12-02 20:00:00,0.19717003
2025-12-02 21:00:00,0.014694626
2025-12-02 22:00:00,-0.13258064
2025-12-02 23:00:00,-0.24878779
2025-12-03 00:00:00,-0.3676491
2025-12-03 01:00:00,-0.4520645
2025-12-03 02:00:00,-0.26737544
2025-12-03 03:00:00,0.06724152
2025-12-03 04:00:00,0.26721868
2025-12-03 05:00:00,0.4200745
2025-12-03 06:00:00,0.4195672
2025-12-03 07:00:00,0.21732958
2025-12-03 08:00:00,-0.029775755
2025-12-03 09:00:00,-0.19743603
2025-12-03 10:00:00,-0.34615538
2025-12-03 11:00:00,-0.45407042
2025-12-03 12:00:00,-0.56256104
2025-12-03 13:00:00,-0.63492566
2025-12-03 14:00:00,-0.3853776
2025-12-03 15:00:00,-0.0036938796
2025-12-03 16:00:00,0.2805444
2025-12-03 17:00:00,0.56325454
2025-12-03 18:00:00,0.714854
2025-12-03 19:00:00,0.70102245
2025-12-03 20:00:00,0.46229577
2025-12-03 21:00:00,0.21870162
2025-12-03 22:00:00,0.034587204
2025-12-03 23:00:00,-0.11298874
2025-12-04 00:00:00,-0.24012467
2025-12-04 01:00:00,-0.36954048
2025-12-04 02:00:00,-0.4636369
2025-12-04 03:00:00,-0.24357069
2025-12-04 04:00:00,0.080063194
2025-12-04 05:00:00,0.27421784
2025-12-04 06:00:00,0.42475715
2025-12-04 07:00:00,0.39994237
2025-12-04 08:00:00,0.17129597
2025-12-04 09:00:00,-0.062985644
2025-12-04 10:00:00,-0.22434479
2025-12-04 11:00:00,-0.36608228
2025-12-04 12:00:00,-0.47482342
2025-12-04 13:00:00,-0.5859155
2025-12-04 14:00:00,-0.64515376
2025-12-04 15:00:00,-0.31479856
2025-12-04 16:00:00,0.07026664
2025-12-04 17:00:00,0.3708542
2025-12-04 18:00:00,0.66249985
2025-12-04 19:00:00,0.78789485
2025-12-04 20:00:00,0.71792436
2025-12-04 21:00:00,0.43525985
2025-12-04 22:00:00,0.204415
2025-12-04 23:00:00,0.021106927
2025-12-05 00:00:00,-0.120906234
2025-12-05 01:00:00,-0.25530848
2025-12-05 02:00:00,-0.38850388
2025-12-05 03:00:00,-0.47450662
2025-12-05 04:00:00,-0.20735256
2025-12-05 05:00:00,0.10217332
2025-12-05 06:00:00,0.29723296
2025-12-05 07:00:00,0.4360975
2025-12-05 08:00:00,0.37315682
2025-12-05 09:00:00,0.12430476
2025-12-05 10:00:00,-0.09090233
2025-12-05 11:00:00,-0.24615067
2025-12-05 12:00:00,-0.38135675
2025-12-05 13:00:00,-0.49001345
2025-12-05 14:00:00,-0.59968096
2025-12-05 15:00:00,-0.62157583
2025-12-05 16:00:00,-0.21836807
2025-12-05 17:00:00,0.1506007
2025-12-05 18:00:00,0.464672
2025-12-05 19:00:00,0.7350249
2025-12-05 20:00:00,0.8212298
2025-12-05 21:00:00,0.68326503
2025-12-05 22:00:00,0.38559115
2025-12-05 23:00:00,0.17284413
2025-12-06 00:00:00,-0.006704714
2025-12-06 01:00:00,-0.13884726
2025-12-06 02:00:00,-0.27660975
2025-12-06 03:00:00,-0.4074919
2025-12-06 04:00:00,-0.45881453
2025-12-06 05:00:00,-0.14764915
2025-12-06 06:00:00,0.13815716
2025-12-06 07:00:00,0.32488298
2025-12-06 08:00:00,0.43643212
2025-12-06 09:00:00,0.3308469
2025-12-06 10:00:00,0.07085601
2025-12-06 11:00:00,-0.12599464
2025-12-06 12:00:00,-0.2799099
2025-12-06 13:00:00,-0.40612802
2025-12-06 14:00:00,-0.5157897
2025-12-06 15:00:00,-0.6167362
2025-12-06 16:00:00,-0.5515382
2025-12-06 17:00:00,-0.12260618
2025-12-06 18:00:00,0.21828464
2025-12-06 19:00:00,0.52191126
2025-12-06 20:00:00,0.7509165
2025-12-06 21:00:00,0.7859184
2025-12-06 22:00:00,0.588383
2025-12-06 23:00:00,0.3125291
2025-12-07 00:00:00,0.1122171
2025-12-07 01:00:00,-0.05412463
2025-12-07 02:00:00,-0.18047422
2025-12-07 03:00:00,-0.31849894
2025-12-07 04:00:00,-0.44198522
2025-12-07 05:00:00,-0.4226489
2025-12-07 06:00:00,-0.09244228
2025-12-07 07:00:00,0.1597623
2025-12-07 08:00:00,0.3206846
2025-12-07 09:00:00,0.3875642
2025-12-07 10:00:00,0.2461434
2025-12-07 11:00:00,0.00063272665
2025-12-07 12:00:00,-0.17396724
2025-12-07 13:00:00,-0.31931934
2025-12-07 14:00:00,-0.4304975
2025-12-07 15:00:00,-0.5353784
2025-12-07 16:00:00,-0.617544
2025-12-07 17:00:00,-0.43462953
2025-12-07 18:00:00,-0.028857507
2025-12-07 19:00:00,0.27507055
2025-12-07 20:00:00,0.56276464
2025-12-07 21:00:00,0.7281086
2025-12-07 22:00:00,0.7083365
2025-12-07 23:00:00,0.46334457
2025-12-08 00:00:00,0.21931359
2025-12-08 01:00:00,0.03307726
2025-12-08 02:00:00,-0.112063296
2025-12-08 03:00:00,-0.23494355
2025-12-08 04:00:00,-0.36317396
2025-12-08 05:00:00,-0.46783754
2025-12-08 06:00:00,-0.3501671
2025-12-08 07:00:00,-0.045126956
2025-12-08 08:00:00,0.16217326
2025-12-08 09:00:00,0.31004998
2025-12-08 10:00:00,0.34476644
2025-12-08 11:00:00,0.19400038
2025-12-08 12:00:00,-0.038739096
2025-12-08 13:00:00,-0.19570476
2025-12-08 14:00:00,-0.33137536
2025-12-08 15:00:00,-0.43218896
2025-12-08 16:00:00,-0.5274047
2025-12-08 17:00:00,-0.5696337
2025-12-08 18:00:00,-0.26866314
